id,customer_id,line_one,line_two,country,state,city,pin_code
1,882,44512 Westerfield Place,20 Green Trail,Greece,,Kokkári,438570
2,178,9 Loeprich Alley,,Canada,Ontario,Petawawa,444893
3,106,8 Forest Drive,75 Boyd Trail,China,,Gangou,146788
4,939,37621 Laurel Alley,,China,,Gansa,461598
5,194,0 Killdeer Circle,,Indonesia,,Krajan Kerjo,293437
6,525,7209 Orin Hill,,Greece,,Panaitólion,238892
7,777,717 Northview Plaza,5 Annamark Way,Russia,,Belogorsk,255772
8,973,984 Elgar Junction,,Germany,Nordrhein-Westfalen,Düsseldorf,556870
9,177,14029 Knutson Circle,,Croatia,,Sunja,301387
10,799,4779 3rd Drive,270 Crescent Oaks Road,China,,Jianxi,421346
11,638,8038 Kennedy Pass,142 Fisk Crossing,Bolivia,,Huatajata,459145
12,179,6 Shopko Hill,,China,,Kuntong,410226
13,608,02 Bowman Lane,,China,,Xiema,489397
14,750,3927 Manley Trail,,China,,Huanglong,174192
15,344,2343 Dakota Lane,,France,Île-de-France,Paris La Défense,79852
16,924,7976 1st Terrace,,China,,Cuijiamatou,204060
17,244,05510 Ohio Point,,United States,District of Columbia,Washington,449870
18,471,20 Ronald Regan Drive,,Sudan,,Al Fūlah,348240
19,889,593 Rowland Lane,,Finland,,Ranua,165529
20,22,0 Fordem Court,6 Forest Run Parkway,Japan,,Sugito,541519
21,748,79 Manufacturers Place,,Syria,,Şabbūrah,141421
22,776,98 Ludington Drive,,Philippines,,Calingcuan,237478
23,687,2 Moland Parkway,,Peru,,Sicaya,432914
24,739,29 Mifflin Park,,China,,Kongjiafang,487020
25,200,48481 Holy Cross Trail,3 Springs Circle,Azerbaijan,,Mingelchaur,444388
26,427,65773 Johnson Parkway,,Philippines,,De la Paz,305023
27,600,9707 Elmside Circle,,Philippines,,Panikian,164660
28,951,79 Johnson Plaza,,Brazil,,Araras,514558
29,209,614 Hooker Lane,,Argentina,,Villa Allende,227914
30,987,59817 Colorado Plaza,,Poland,,Siedliska,310576
31,221,3976 Village Street,,Czech Republic,,Mýto,297873
32,656,2636 Prairieview Plaza,9298 Graedel Pass,Spain,Madrid,Fuenlabrada,476200
33,341,6628 Boyd Lane,,Sweden,Södermanland,Nyköping,472334
34,497,4279 High Crossing Hill,,Philippines,,Santa Paz,116506
35,585,201 Springs Crossing,,Central African Republic,,Batangafo,445265
36,165,0 Vahlen Park,,Guatemala,,San Rafael Petzal,563389
37,748,3807 Lillian Court,,Guatemala,,San Miguel Ixtahuacán,310389
38,853,5 Rowland Point,,France,Champagne-Ardenne,Reims,98402
39,802,529 Reindahl Park,803 Main Park,Russia,,Tyrnyauz,180382
40,940,9490 Pleasure Circle,662 Hovde Pass,Pakistan,,Alīpur,290733
41,60,13 Mockingbird Junction,09149 Stephen Trail,Dominican Republic,,Jaquimeyes,130289
42,523,4478 Jenna Place,,Macedonia,,Srbica,69446
43,393,02 Ludington Trail,,China,,Yongjiahe,234935
44,239,39 Northport Road,,Portugal,Braga,Arco de Baúlhe,268953
45,895,8 Acker Center,,Ecuador,,Calceta,222142
46,70,55 Cascade Circle,,United States,Texas,Fort Worth,485673
47,913,2145 West Road,,Indonesia,,Mburukullu,140663
48,951,3 Scott Junction,,Indonesia,,Rawa,91726
49,40,58 Morrow Trail,,United States,Florida,Orlando,108311
50,247,7565 Golf View Crossing,,China,,Xiwang,490475
51,163,26 Hoffman Circle,,China,,Wenwucao,518435
52,512,3348 Dryden Avenue,068 Sutherland Place,Greece,,Skaramangás,436294
53,118,820 Bartelt Lane,,China,,Hexi,411858
54,246,98988 Di Loreto Trail,,China,,Lop,304626
55,794,1985 Elmside Alley,9 Florence Center,Malaysia,Selangor,Petaling Jaya,547904
56,15,77 Hayes Avenue,,Indonesia,,Pangkalan,562116
57,260,3 Golf Trail,,Russia,,Tsementnozavodskiy,76713
58,427,8 Novick Trail,,Sweden,Stockholm,Rönninge,213480
59,77,86 Susan Court,,Poland,,Kosów Lacki,529948
60,517,25656 Northport Street,,Thailand,,Sukhirin,77455
61,88,06552 Drewry Plaza,,China,,Taihe Chengguanzhen,227820
62,484,0214 Susan Hill,,United States,Iowa,Cedar Rapids,361809
63,601,9150 Burning Wood Pass,,Pakistan,,Jām Sāhib,395733
64,737,99 Nevada Hill,,China,,Beizhang,493491
65,149,6998 Westridge Road,27431 Lakewood Gardens Circle,Peru,,Santa Catalina,413332
66,256,24 Columbus Parkway,,Russia,,Rasskazovo,252699
67,613,7684 Jay Drive,,France,Bretagne,Rennes,177308
68,913,148 Cherokee Street,,France,Aquitaine,Bordeaux,443929
69,103,81 West Point,07701 Sutteridge Place,Colombia,,La Jagua de Ibirico,519899
70,305,851 Sheridan Lane,8829 Elgar Parkway,Brazil,,Santana de Parnaíba,215744
71,272,4188 Sutherland Lane,,China,,Gangsha,401929
72,265,59 Heath Plaza,,South Korea,,Jinan-gun,433740
73,886,43122 Northview Junction,,China,,Yuanguping,282280
74,654,0683 Norway Maple Parkway,,Malaysia,Negeri Sembilan,Seremban,128909
75,807,53 Sherman Place,,France,Île-de-France,Rambouillet,287863
76,427,45355 Bultman Way,,France,Île-de-France,Goussainville,536706
77,221,15 Shopko Terrace,,Ukraine,,Tsybli,569718
78,822,8 Golf Course Center,,Iran,,Shahre Jadide Andisheh,337789
79,916,353 Clyde Gallagher Street,,United Kingdom,England,Leeds,209447
80,410,53907 Bowman Court,,Morocco,,Bouabout,248542
81,446,7120 Shasta Crossing,56 Park Meadow Pass,Russia,,Zaprudnya,297410
82,19,36 5th Trail,,Indonesia,,Gondang,396668
83,367,501 Rieder Trail,927 Reinke Hill,China,,Huzhuang,526538
84,468,69 Tennessee Parkway,,Brazil,,Massaranduba,110723
85,616,98006 Trailsway Alley,,Russia,,Ochakovo-Matveyevskoye,396562
86,239,36287 Granby Junction,6 Lawn Drive,Russia,,Sernur,476780
87,371,7 Pine View Place,,China,,Liuji,408422
88,69,616 Veith Point,,Czech Republic,,Předměřice nad Labem,465946
89,543,39 Comanche Avenue,,China,,Yangzhen,298686
90,849,58821 Clemons Way,50 Springview Terrace,Sierra Leone,,Pendembu,138404
91,495,906 Monica Terrace,219 Helena Center,China,,Tuxi,481108
92,789,85 Schiller Way,,Russia,,Meshcherino,500774
93,997,69 Donald Point,,France,Bourgogne,Chalon-sur-Saône,197807
94,411,5366 Starling Plaza,,Luxembourg,,Mompach,382363
95,338,40 Green Alley,83837 Golf Course Avenue,Madagascar,,Maevatanana,462266
96,429,35078 Bluestem Avenue,6 Stang Avenue,China,,Nancha,489984
97,299,5 Brickson Park Plaza,,France,Île-de-France,Paris 19,109957
98,899,2 Summer Ridge Plaza,,Netherlands,Provincie Noord-Brabant,Veghel,99445
99,814,03 Artisan Circle,,China,,Heitan,112732
100,809,60 Division Place,,Yemen,,Majzar,370714
101,829,2 Messerschmidt Avenue,,France,Picardie,Amiens,308895
102,552,9003 Heffernan Avenue,,Argentina,,Las Breñas,442424
103,215,54 Maryland Parkway,,Afghanistan,,Nahrīn,562743
104,88,32 Main Crossing,,France,Île-de-France,Roissy Charles-de-Gaulle,244659
105,914,9 High Crossing Road,,Argentina,,Chivilcoy,535147
106,773,726 Sutteridge Road,,Thailand,,Prakhon Chai,380204
107,13,389 Bunker Hill Street,6 Nancy Circle,China,,Shahe,501563
108,437,6841 Orin Court,,Luxembourg,,Junglinster,427334
109,78,46 Pankratz Court,,United States,Ohio,Warren,552374
110,657,9759 Pond Point,4 High Crossing Parkway,United States,Texas,Round Rock,513964
111,831,89653 Paget Point,,China,,Xiapu,494513
112,914,18 Dawn Hill,,Indonesia,,Ciherang,381505
113,957,439 Arrowood Crossing,,Dominican Republic,,Fantino,137558
114,670,1 Bartelt Drive,,Russia,,Shalya,500537
115,287,4 Northfield Lane,05 Schurz Drive,Guatemala,,Ciudad Tecún Umán,522063
116,956,80 East Park,,Nicaragua,,Masachapa,388935
117,350,208 Mallard Park,226 Hazelcrest Park,Afghanistan,,Mīr Bachah Kōṯ,343967
118,872,21423 Meadow Ridge Pass,,Syria,,Al Ḩāḑir,398993
119,130,9 Russell Drive,,Japan,,Kariya,470507
120,511,01163 Reindahl Center,42231 Lillian Parkway,Greece,,Agkathiá,84955
121,445,3 Lyons Lane,,Poland,,Szlachta,265590
122,707,571 Nobel Center,1039 Transport Lane,Brazil,,Santa Gertrudes,173929
123,994,14 Anzinger Crossing,,Japan,,Ōhara,350356
124,491,5 Kedzie Park,66 Magdeline Alley,Colombia,,San Francisco,496444
125,646,026 Pleasure Drive,9197 Red Cloud Parkway,Democratic Republic of the Congo,,Likasi,524432
126,510,23 Glacier Hill Place,,Nicaragua,,Juigalpa,466293
127,847,53737 Ridgeway Court,,Belarus,,Krasnaye,450139
128,377,6272 Old Shore Hill,,Brazil,,São Luiz Gonzaga,84592
129,800,8 Doe Crossing Junction,1 Elmside Lane,China,,Fanrong,84721
130,125,01 Prairieview Lane,,Kazakhstan,,Aqtaū,272381
131,856,46 Hooker Terrace,,Indonesia,,Lewolere,114372
132,13,56103 East Place,,Belarus,,Masty,301642
133,712,34 Harbort Plaza,,France,Nord-Pas-de-Calais,Croix,71515
134,346,87 Gerald Drive,,Vietnam,,Thanh Xuân,292594
135,242,62 Texas Way,,China,,Burgastai,535784
136,321,67859 Novick Trail,60 Summer Ridge Street,France,Centre,Orléans,478126
137,107,8805 Hagan Drive,,China,,Tangshan,104815
138,1,698 Texas Court,61 Pond Place,Russia,,Shal’skiy,125535
139,629,35257 Pennsylvania Point,0467 Dennis Trail,Portugal,Braga,Vila Verde,249703
140,625,2628 Veith Point,,Saudi Arabia,,Şafwá,330947
141,806,769 Lien Terrace,,Indonesia,,Lueng Putu,164277
142,137,03 Express Parkway,,China,,Huotian,383623
143,560,4605 Cambridge Park,,China,,Changxing,261889
144,970,33 Del Sol Circle,,Norway,Oslo,Oslo,526055
145,759,60997 Erie Alley,407 Loomis Junction,Cameroon,,Évodoula,158494
146,630,1 Pennsylvania Way,,Bangladesh,,Nārāyanganj,232428
147,825,001 Grim Street,,Nigeria,,Deba Habe,75097
148,849,28270 Parkside Alley,,Tanzania,,Kibara,508176
149,729,3 Kinsman Junction,,Morocco,,Tata,105318
150,375,65 Hoepker Center,,Poland,,Wodzisław Śląski,502699
151,453,3 Oneill Way,,Philippines,,Maguilling,130672
152,366,0324 Granby Center,,Philippines,,Peña,302023
153,253,664 Summit Road,,Indonesia,,Bakungan,379814
154,998,3590 Golf Course Way,47 Anzinger Hill,Portugal,Coimbra,Portela,445262
155,819,14 Little Fleur Street,,China,,Zhengcun,446138
156,699,82717 Shelley Hill,,Yemen,,As Saddah,308156
157,917,3722 Graceland Lane,,Gambia,,Sankwia,75528
158,411,7 Haas Circle,,China,,Jiudian,410590
159,311,52 Nova Junction,,Chile,,Victoria,526800
160,786,48 Duke Crossing,517 Thierer Pass,Poland,,Rudniki,502663
161,674,7016 Derek Lane,,Japan,,Toyoshina,217814
162,918,81974 Northwestern Court,,Thailand,,Ban Nong Wua So,433900
163,251,24 Bluejay Road,,El Salvador,,Nueva Guadalupe,71245
164,988,4847 Katie Parkway,,Peru,,Oxapampa,283052
165,429,590 Hermina Terrace,058 Lawn Center,Malaysia,Kuala Lumpur,Kuala Lumpur,461140
166,733,835 Spohn Terrace,9326 8th Crossing,Russia,,Neyvo-Rudyanka,261670
167,376,70645 Arapahoe Drive,,Cuba,,Minas de Matahambre,167224
168,971,46457 Westerfield Road,,Portugal,Braga,Serzedo,569805
169,981,49968 Coolidge Road,,Sweden,Värmland,Karlstad,539203
170,613,68 Briar Crest Street,,China,,Huaxijie,304322
171,866,3 Cardinal Place,46227 Mayer Crossing,China,,Hongqi,442337
172,724,7264 Express Point,,China,,Weihe,246515
173,240,3972 Pleasure Lane,,China,,Erniusuokou,122119
174,952,5 Mccormick Alley,,China,,Hebian,464581
175,849,06245 Prairieview Lane,,Mexico,Mexico,Isidro Fabela,507825
176,80,6 Sachs Junction,,Ghana,,Akim Swedru,301018
177,156,68 Loomis Avenue,4428 Browning Road,Poland,,Częstochowa,361657
178,747,8517 Pond Place,79 Forest Run Lane,Indonesia,,Langsa,75042
179,659,586 Evergreen Plaza,9 Ohio Court,South Africa,,Kraaifontein,254630
180,234,07102 Moulton Place,33051 Scofield Junction,Canada,Alberta,Lamont,502124
181,951,8 Northfield Circle,,Croatia,,Velika,69133
182,994,0005 Kedzie Place,,China,,Majiang,533016
183,929,689 Amoth Center,57 Hoffman Alley,France,Île-de-France,Mantes-la-Jolie,138379
184,220,18486 Badeau Junction,,Peru,,Catac,396925
185,561,6607 Talisman Drive,835 Chive Terrace,Moldova,,Dubăsari,318973
186,81,9790 Magdeline Crossing,,Vietnam,,Thị Trấn Ngải Giao,80402
187,484,937 Blaine Alley,,Pakistan,,Qila Saifullāh,418990
188,389,56 Havey Avenue,,Russia,,Babushkin,112650
189,984,614 Schlimgen Road,,Indonesia,,Amparita,84913
190,24,1 Ruskin Trail,5 Kipling Street,Poland,,Głogów Małopolski,69013
191,324,10615 Leroy Junction,,China,,Xikou,165972
192,778,81 Upham Alley,9 Arapahoe Circle,China,,Futang,210827
193,594,6 Grover Junction,,Kazakhstan,,Zhosaly,140347
194,636,99622 Heath Parkway,12 Bay Drive,China,,Tianjiazhai,446214
195,458,82676 Randy Lane,,Indonesia,,Senggapi,423735
196,958,863 Twin Pines Place,,China,,Duyun,244456
197,170,0 Forster Court,,China,,Guanba,484303
198,465,88208 Burrows Avenue,48309 Bayside Road,China,,Gutang,525954
199,364,4449 Banding Pass,,Uruguay,,Florida,452084
200,68,4 Donald Alley,,Argentina,,Avellaneda,356768
201,367,3850 Iowa Road,,Egypt,,Saint Catherine,88888
202,972,57 Reindahl Hill,,China,,Shataping,259836
203,243,27733 Michigan Lane,,Grenada,,Saint David’s,89495
204,867,9992 Bunker Hill Terrace,,Sweden,Skåne,Hässleholm,439868
205,575,9 Lotheville Lane,,South Korea,,Pohang,193687
206,946,9497 Rutledge Trail,,Micronesia,,Ruo,358851
207,453,88 Cordelia Hill,736 Beilfuss Way,Morocco,,Aourir,149936
208,434,60320 Delladonna Street,,Morocco,,Tarfaya,550101
209,333,23 Carpenter Lane,239 Welch Crossing,Somalia,,Bosaso,397204
210,2,59 Grayhawk Trail,079 Mayfield Drive,Tanzania,,Mgandu,122222
211,560,66630 Truax Street,,Indonesia,,Pangkalan,478022
212,1000,23864 Tomscot Hill,,Solomon Islands,,Auki,274413
213,675,9053 Prairie Rose Point,,Czech Republic,,Zbraslavice,165208
214,426,6 Graceland Lane,,Costa Rica,,San José,92822
215,175,8158 Holmberg Hill,,Afghanistan,,Qarqīn,492071
216,406,92334 Sachs Pass,73712 Mayfield Pass,Czech Republic,,Žulová,230072
217,386,68 Comanche Park,8158 Laurel Terrace,Mongolia,,Ögöömör,315975
218,569,16091 Comanche Parkway,,China,,Xinghua,114401
219,119,9161 Maryland Lane,,Greece,,Katoúna,260095
220,904,16 Graedel Avenue,,Russia,,Verkhniy Landekh,256387
221,17,212 Bay Trail,,Peru,,Mendoza,386382
222,631,9015 Bashford Point,6245 Forster Point,China,,Jiale,163841
223,235,68 Little Fleur Alley,8829 5th Lane,China,,Tangtou,282989
224,95,55 Brickson Park Court,,Iceland,,Akureyri,366585
225,379,4 Ridgeway Point,86 Lillian Point,South Korea,,Yangsan,488334
226,859,90 Transport Avenue,,China,,Xilanqi,349179
227,796,83695 Saint Paul Way,,China,,Huoqiu Chengguanzhen,119113
228,984,4092 American Alley,,Indonesia,,Cikotok,203735
229,746,7 Haas Pass,,France,Île-de-France,Bobigny,366524
230,193,90225 Muir Terrace,,Denmark,Region Hovedstaden,København,520206
231,627,46114 Spenser Parkway,,New Caledonia,,Ouégoa,413434
232,998,1307 Southridge Pass,,Iran,,Khorramābād,245867
233,364,6612 Erie Hill,,Brazil,,Cruz Alta,171300
234,818,6008 Forest Run Court,,Indonesia,,Batukuta,147050
235,177,2 School Center,,Russia,,Katyr-Yurt,91683
236,1000,46 Barby Hill,434 6th Plaza,Indonesia,,Lancang,276536
237,304,161 Old Gate Pass,,United States,Arizona,Phoenix,545036
238,402,131 Truax Parkway,,Sweden,Västmanland,Arboga,477541
239,834,20 Oak Court,,Canada,Alberta,Killam,146095
240,502,38708 Clemons Court,,Mongolia,,Tahilt,518460
241,415,4 Mayfield Circle,,Russia,,Mayskiy,514256
242,244,26045 Bluestem Terrace,,Colombia,,Pensilvania,484460
243,453,98 Warrior Plaza,,South Africa,,Mpophomeni,384662
244,776,0 Lake View Alley,,Thailand,,Phitsanulok,475364
245,266,89180 Mendota Avenue,,Brazil,,São Gabriel,142487
246,179,435 Del Mar Lane,1889 Independence Court,Indonesia,,Mandala,389775
247,135,0144 Nova Court,0750 John Wall Alley,Poland,,Zaklików,337853
248,876,12460 Steensland Road,,Morocco,,Boulemane,266832
249,307,4 Sommers Plaza,,Philippines,,Novallas,469415
250,779,77304 Little Fleur Point,,Portugal,Viseu,Quintã,517336
251,61,0 Dennis Alley,61 Armistice Trail,Portugal,Castelo Branco,Oleiros,75742
252,771,7759 Riverside Crossing,,Philippines,,Marogong,521820
253,798,0 Petterle Park,29054 Kingsford Street,Dominican Republic,,Cotuí,490100
254,533,70 Scoville Way,7049 Roth Drive,Bulgaria,,Aytos,566034
255,658,67098 Hovde Avenue,,Indonesia,,Demuk,496281
256,277,66 Cherokee Parkway,,Indonesia,,Madur,318065
257,882,79 John Wall Street,00 Susan Plaza,China,,Furong,400117
258,201,2 Summer Ridge Way,,Dominican Republic,,Baitoa,194877
259,949,51333 Lotheville Avenue,,France,Poitou-Charentes,Niort,293235
260,587,49 Dawn Avenue,,Syria,,Junaynat Raslān,464892
261,773,4 Orin Trail,,Philippines,,Carriedo,389834
262,737,0073 Merchant Trail,,China,,Tuanshansi,355389
263,486,80926 Graceland Center,,Honduras,,Veracruz,312896
264,788,1 Pennsylvania Hill,,France,Franche-Comté,Montbéliard,349323
265,285,0378 Boyd Alley,,China,,Simao,305116
266,176,03 Bashford Junction,,Canada,Québec,Beloeil,234406
267,993,109 Lakewood Gardens Crossing,,China,,Huangzhan,427352
268,909,92 Texas Plaza,,Bangladesh,,Cox’s Bāzār,142543
269,561,26283 Butterfield Trail,,Philippines,,Sapadun,246264
270,800,95 Loeprich Hill,7469 Grayhawk Trail,China,,Qiujia,138434
271,570,9 Sachtjen Place,,Indonesia,,Sidareja,74970
272,320,85090 Dakota Park,,Brazil,,Santa Maria,259529
273,678,68897 Surrey Street,,Yemen,,Ḑubāh,116814
274,16,7171 Little Fleur Center,7357 Corben Pass,Indonesia,,Sindang,414575
275,302,515 Porter Terrace,,Indonesia,,Tinumpuk,261209
276,490,7362 Northwestern Pass,,Russia,,Skuratovskiy,563056
277,236,74 Maywood Point,,Philippines,,Malilipot,372424
278,101,79 Iowa Way,,Czech Republic,,Vlachovice,445752
279,990,14 Hudson Lane,37 Mosinee Alley,Ukraine,,Vatutine,84509
280,339,0004 Porter Terrace,16389 Meadow Valley Place,Poland,,Jawornik Polski,94023
281,478,38 Gina Hill,,Mali,,Banamba,422808
282,374,52 Warner Pass,,Palestinian Territory,,Jūrīsh,496982
283,518,8 Pleasure Center,,United States,Florida,Naples,434403
284,466,7056 Doe Crossing Lane,,Honduras,,La Labor,341609
285,989,331 Daystar Junction,,Uganda,,Masindi Port,347963
286,194,7 Arapahoe Street,,France,Île-de-France,Courtaboeuf,214483
287,433,42300 Mcguire Park,,France,Pays de la Loire,Cholet,289291
288,354,7 Loeprich Point,62 Westport Lane,United States,Texas,Spring,277720
289,587,03 American Parkway,,China,,Xiabeisi,68591
290,150,22 Magdeline Avenue,773 Kropf Circle,Philippines,,Matungao,135556
291,937,16 Reinke Alley,,China,,Haicheng,547836
292,652,4 Anthes Plaza,,Ireland,,Tallaght,489702
293,719,68 Twin Pines Junction,357 Pearson Way,France,Poitou-Charentes,La Rochelle,304033
294,183,54 Golf Course Place,,China,,Chengjiang,485395
295,831,1 Park Meadow Court,,United States,Alaska,Fairbanks,254064
296,881,79 Mayer Way,4184 Autumn Leaf Crossing,Brazil,,Cruz Alta,436588
297,723,9 Manufacturers Lane,9040 Wayridge Plaza,Brazil,,Valinhos,377320
298,578,33008 Talmadge Plaza,,Portugal,Beja,Ferreira do Alentejo,550843
299,127,55 Hanover Road,55916 Loomis Way,Indonesia,,Sukomulyo,214498
300,853,1 Anderson Alley,,Portugal,Santarém,Vale de Santarém,457324
301,622,9625 Ilene Circle,,Albania,,Suç,342084
302,807,02935 Birchwood Pass,,Russia,,Bol’shoye Selo,343919
303,779,935 Mifflin Junction,,China,,Huantuo,375685
304,633,298 Novick Trail,,Indonesia,,Kulonkali,214103
305,568,78193 Luster Street,3 Jackson Plaza,Portugal,Leiria,Portela,90588
306,987,1 Judy Crossing,,France,Île-de-France,Gif-sur-Yvette,463426
307,290,78 Beilfuss Place,,Japan,,Ikata-chō,67092
308,576,453 Hoard Way,,Libya,,Tarhuna,357825
309,635,982 Nobel Road,,Argentina,,Colonia Wanda,100962
310,963,10316 Stoughton Alley,,Philippines,,Glad,496153
311,761,68 Kingsford Parkway,,Indonesia,,Lailunggi,444282
312,74,7 Sullivan Plaza,,Poland,,Solec Nad Wisłą,384704
313,22,65 Emmet Junction,,Peru,,Jangas,565902
314,383,66 Rieder Trail,7603 Vernon Crossing,Malaysia,Johor,Johor Bahru,304337
315,112,48042 Vidon Junction,,Albania,,Dardhas,464895
316,775,61 Birchwood Circle,,Czech Republic,,Pecka,194889
317,827,6 Pawling Point,,Philippines,,Matinao,96259
318,352,18962 Judy Drive,,Nicaragua,,Santo Domingo,204525
319,856,52 Knutson Trail,41528 Jenna Crossing,Philippines,,Atok,459575
320,819,8960 Jenna Court,,Poland,,Sośnie,511233
321,907,9 Crownhardt Court,,China,,Hutang,253307
322,402,38164 Hoffman Terrace,,Nigeria,,Wamba,196349
323,796,87 Eliot Lane,,Brazil,,Altamira,294067
324,95,5 Marcy Center,,Sweden,Blekinge,Sölvesborg,403528
325,454,12 Norway Maple Road,,Philippines,,Aramayuan,517528
326,219,1566 Green Center,9 Hermina Center,Croatia,,Vis,326448
327,496,90143 Continental Center,,Greece,,Néa Karváli,108814
328,371,2928 Schlimgen Alley,,Indonesia,,Poigar,263929
329,844,380 Hoard Circle,,Indonesia,,Pondokaso,243332
330,551,14 Arapahoe Trail,0 International Plaza,Russia,,Zverevo,202760
331,31,5220 Vidon Center,,Dominican Republic,,Bonao,105593
332,304,563 Clarendon Center,,Indonesia,,Cempaka,268155
333,986,37945 Longview Street,616 Carioca Center,Egypt,,Ţahţā,160157
334,483,51892 Mcguire Point,,United Kingdom,England,Linton,195960
335,211,033 Fordem Circle,177 Brickson Park Parkway,China,,Xicheng,452321
336,513,80689 Sunbrook Circle,,Iran,,Kelīshād va Sūdarjān,370805
337,418,427 Glendale Place,,United States,California,Sacramento,262064
338,240,60 Barnett Way,41 Roxbury Place,United States,New York,New York City,286288
339,667,0014 Anzinger Pass,,France,Île-de-France,Paris 14,132391
340,258,63422 Menomonie Hill,,Tunisia,,Menzel Abderhaman,204222
341,508,69 Summer Ridge Hill,,Bulgaria,,Chirpan,329428
342,503,86 Rockefeller Lane,,Greece,,Megáli Khóra,306028
343,965,2388 Burning Wood Center,,Ukraine,,Barvinkove,353482
344,863,42686 Hoffman Circle,,Canada,Alberta,Camrose,458458
345,132,7238 Bonner Avenue,,Peru,,Sabandia,161773
346,904,3439 Sage Parkway,,Portugal,Lisboa,Arneiro,153633
347,819,67 Hooker Terrace,05 Holy Cross Center,Philippines,,Santo Niño,133753
348,275,805 Northland Road,,China,,Huangludian,258569
349,615,4895 Jenna Plaza,571 Kennedy Crossing,China,,Longping,535977
350,898,52 Doe Crossing Drive,,Israel,,H̱olon,278797
351,863,6 International Plaza,,Czech Republic,,Moravský Beroun,122841
352,888,1 John Wall Lane,,Philippines,,Tarragona,519169
353,395,35 Menomonie Pass,,China,,Fanyang,165649
354,928,84 Old Gate Crossing,,Philippines,,Napuro,118431
355,204,69 Upham Place,,Egypt,,Al Qanāyāt,546013
356,418,64 Bluestem Drive,15 Buhler Trail,South Africa,,Makapanstad,143386
357,245,01186 Lerdahl Drive,8536 Village Trail,Philippines,,Milaor,489289
358,107,88 Monument Junction,,Morocco,,Kariat Arkmane,365479
359,721,8 Grim Court,,Philippines,,Dolores,323878
360,230,6512 Norway Maple Circle,,Greece,,Áno Kómi,306341
361,156,00541 Brown Trail,,Tanzania,,Kilimatinde,109581
362,37,78 Vernon Alley,,United States,Minnesota,Saint Paul,478006
363,230,01 Transport Trail,87159 Atwood Road,Colombia,,Campamento,160027
364,742,6 Namekagon Center,,Argentina,,Gaimán,253379
365,749,6 Transport Point,,Armenia,,Masis,141524
366,609,21177 Lindbergh Court,,China,,Hetou,123408
367,60,676 Lillian Street,0472 Cottonwood Parkway,Sweden,Stockholm,Södertälje,161218
368,544,2 Grim Crossing,,Sweden,Västra Götaland,Hisings Kärra,468788
369,655,87763 Daystar Drive,,Indonesia,,Urung,331040
370,96,36 Springview Court,,Nigeria,,Kaingiwa,421983
371,423,6887 Grim Street,64468 Fisk Plaza,China,,Youguzhuang,348357
372,397,6079 Shoshone Road,,Brazil,,Antonina,423381
373,181,75892 Tony Trail,,Brazil,,Jaguariaíva,440761
374,894,939 Corscot Junction,,Poland,,Mosty,379788
375,512,86031 Amoth Street,,China,,Wangcheng,331314
376,308,6 Lien Terrace,,Azerbaijan,,Ujar,556912
377,334,5112 Donald Center,,Indonesia,,Banjar Buahan,457333
378,174,451 Heffernan Plaza,,United Kingdom,England,Whitchurch,313113
379,159,9 Kennedy Parkway,,China,,Jinshi,560150
380,515,3848 Manufacturers Way,,China,,Jingzhou,415418
381,435,02744 Anzinger Place,,Brazil,,Guararema,259185
382,210,023 Killdeer Terrace,,China,,Yongfeng,234780
383,575,37 Brickson Park Circle,,France,Haute-Normandie,Val-de-Reuil,373082
384,793,3 Ridgeway Plaza,,Czech Republic,,Křenovice,326196
385,846,0 Johnson Point,,Peru,,Pujocucho,162999
386,910,326 Southridge Plaza,,Russia,,Pridonskoy,425113
387,497,20113 Oxford Trail,,Portugal,Guarda,Seia,399842
388,354,5 Arrowood Hill,61801 Jenifer Plaza,Portugal,Viana do Castelo,Gandra,181219
389,783,5584 Thompson Junction,,Kenya,,Embu,389639
390,854,93 Stone Corner Street,,Yemen,,Al Khawkhah,545775
391,435,807 Schiller Park,,China,,Shaowu,237487
392,190,04 Farragut Court,2096 New Castle Parkway,Indonesia,,Singojuruh,192120
393,247,2 Sauthoff Alley,,Costa Rica,,La Cruz,389357
394,674,585 Onsgard Park,,Czech Republic,,Ráječko,314856
395,898,7 Moland Junction,,China,,Lianhua,365748
396,681,5023 Hooker Street,,Sweden,Västra Götaland,Borås,233546
397,428,884 Merchant Avenue,,Canada,Newfoundland and Labrador,Harbour Breton,90478
398,830,46141 Lakewood Gardens Center,52078 Briar Crest Road,Italy,Lombardia,Brescia,415861
399,962,67609 Maryland Place,,Andorra,,Canillo,474849
400,61,19788 Rusk Junction,8 Carpenter Center,Russia,,Annino,494396
401,469,5147 Oakridge Crossing,,Colombia,,Ubaté,110312
402,754,50444 Waywood Parkway,399 Cottonwood Hill,China,,Qian’an,314164
403,476,69 Wayridge Way,16 Huxley Plaza,Poland,,Łapanów,254772
404,730,1185 Oakridge Point,,Malawi,,Zomba,99925
405,636,4245 Talmadge Circle,,Russia,,Gorbunki,456945
406,743,1 Waubesa Place,96090 Knutson Hill,China,,Jinta,386703
407,813,16 Logan Terrace,,Japan,,Ōbu,72727
408,788,04 Redwing Junction,,China,,Shajing,147338
409,808,36 Redwing Court,,Japan,,Kuroiso,150060
410,163,763 Esch Terrace,,China,,Mingjing,275073
411,4,5022 Sachtjen Place,,Ukraine,,Chernelytsya,252239
412,858,746 Heffernan Center,,Brazil,,Rio Grande,199539
413,988,8 Boyd Terrace,781 Donald Plaza,Sweden,Västernorrland,Timrå,555519
414,186,7805 Burrows Park,,China,,Haixing,463276
415,208,9960 Green Ridge Hill,31870 Kenwood Circle,China,,Xinmin,382846
416,660,28596 Logan Avenue,,Denmark,Region Hovedstaden,København,556476
417,892,6261 Riverside Trail,,Japan,,Kokubunji,245964
418,853,386 Sycamore Avenue,,Russia,,Khokhryaki,532769
419,842,83 Algoma Hill,,Portugal,Viseu,Oliveira de Frades,495835
420,375,51 Blaine Hill,,Russia,,Komendantsky aerodrom,463042
421,483,52 Everett Pass,2018 Superior Junction,Slovenia,,Notranje Gorice,147742
422,600,2 Banding Lane,,China,,Xiaochi,447725
423,306,7365 Mcbride Point,,Norway,More og Romdal,Molde,179708
424,770,8 Miller Terrace,,Zimbabwe,,Mazowe,408095
425,893,202 Clarendon Plaza,,China,,Henggouqiao,430760
426,513,02702 Village Green Trail,08767 Elmside Avenue,China,,Lantang,141854
427,242,4344 Bluejay Hill,7 High Crossing Drive,Indonesia,,Suwaduk,530484
428,545,1491 Warbler Way,,China,,Hongqi,531254
429,321,089 Superior Crossing,,Portugal,Portalegre,Galveias,316249
430,145,8960 Coolidge Street,,Argentina,,Esperanza,552184
431,22,8 Prentice Park,,Finland,,Ruukki,533907
432,234,8 Forest Terrace,62 Blue Bill Park Drive,Brazil,,Conceição do Jacuípe,111243
433,750,21113 Oakridge Crossing,,Russia,,Volkhov,381995
434,231,03 Northview Center,,Croatia,,Prelog,482183
435,515,514 Hintze Lane,,China,,Lishui,510858
436,79,53 Heffernan Center,18 Doe Crossing Crossing,Brazil,,Tupaciguara,374188
437,62,9566 Lukken Plaza,,Russia,,Chegdomyn,534395
438,153,65 Bartillon Terrace,971 Eagan Pass,Colombia,,San Carlos,359431
439,184,9 Garrison Parkway,,Russia,,Kalininskiy,545456
440,696,0579 Dorton Circle,79 Wayridge Pass,Sweden,Västernorrland,Örnsköldsvik,476848
441,120,730 Becker Hill,,France,Alsace,Strasbourg,522494
442,486,9 Mifflin Hill,2827 Becker Road,Democratic Republic of the Congo,,Kasangulu,142304
443,638,4 Rowland Center,,Yemen,,Al Mukallā,379124
444,114,52 Blaine Trail,,Netherlands,Provincie Noord-Holland,Amsterdam Nieuw West,425637
445,15,00 Jana Way,,France,Franche-Comté,Besançon,315273
446,99,86262 Mockingbird Park,152 Bluestem Crossing,Indonesia,,Kadumelati,287760
447,744,01608 Corscot Road,,Peru,,Angasmarca,227418
448,782,06278 Daystar Lane,6 Northland Street,Haiti,,Thomazeau,308028
449,25,207 Springview Junction,9 Forest Run Drive,Greece,,Triánta,544153
450,688,5394 West Road,,Argentina,,Pontevedra,304775
451,527,3 Sachs Way,,China,,Wugong,198135
452,172,38254 Comanche Lane,65 Lunder Parkway,Portugal,Viana do Castelo,Gandra,465496
453,761,03256 Mockingbird Avenue,154 Mendota Court,Thailand,,Tha Ruea,313519
454,738,91 Blaine Drive,,Pakistan,,Shinpokh,430497
455,797,4758 Mcbride Road,,Sweden,Stockholm,Lidingö,238770
456,832,1912 Hoffman Place,970 Grim Crossing,Mexico,Jalisco,Santa Rosa,122691
457,477,18899 Upham Plaza,,Russia,,Shalushka,330708
458,362,20880 Lake View Point,,Brazil,,Garça,427949
459,172,66828 Mendota Drive,,Chad,,Dourbali,527442
460,403,62227 Ilene Crossing,,Indonesia,,Bringinanom,348037
461,726,706 Beilfuss Lane,,China,,Xinzhou,188775
462,620,13 Carey Junction,,Pakistan,,Dunyāpur,284911
463,444,9119 Dunning Plaza,,Armenia,,Khasht’arrak,278947
464,790,935 North Terrace,,China,,Muhur,542370
465,6,96 Brentwood Road,,Dominica,,Woodford Hill,424055
466,2,00 Manitowish Hill,,Bangladesh,,Bāndarban,449095
467,406,57833 Fallview Crossing,86 Victoria Terrace,Pakistan,,Vihāri,237941
468,490,58 West Lane,,Indonesia,,Singgugu,275049
469,566,96087 Cardinal Court,,Greece,,Katoúna,374729
470,954,384 Carberry Street,,Greenland,,Nanortalik,100776
471,490,42 Service Hill,1 Lighthouse Bay Lane,Cayman Islands,,East End,335112
472,27,182 Fuller Place,089 Bayside Trail,Nicaragua,,Managua,559150
473,84,3169 Arizona Trail,,Russia,,Ryazhsk,249835
474,773,40 Kennedy Drive,945 Pennsylvania Point,China,,Yangxi,349423
475,470,63761 Main Plaza,9 Beilfuss Hill,Mexico,Mexico,La Laguna,301648
476,856,7971 Summer Ridge Road,,Japan,,Iwakuni,372596
477,470,31 Dottie Alley,,Madagascar,,Ambalavao,338020
478,471,24282 Darwin Pass,36492 Lake View Lane,Mauritius,,Mahébourg,189577
479,830,9590 Tennyson Center,29572 Tennessee Circle,Jordan,,Karak City,137696
480,405,995 Farmco Drive,,Russia,,Severomorsk,391774
481,217,23837 Maple Wood Trail,,Indonesia,,Santong,150416
482,391,625 Village Green Junction,,Indonesia,,Nagrak,529396
483,718,7 Annamark Trail,,France,Limousin,Guéret,366229
484,984,77 Acker Place,,Hungary,Budapest,Budapest,317132
485,772,1 Anzinger Pass,,United States,Texas,Houston,442771
486,315,40 Elgar Road,,China,,Baizhang,215382
487,486,95524 Tennyson Way,,Russia,,Serebryanyye Prudy,362109
488,595,3 Esker Way,82 Crownhardt Court,Philippines,,Masinloc,224148
489,10,8 Laurel Trail,,China,,Dailing,428852
490,385,9 Pankratz Lane,443 Rutledge Place,Mongolia,,Sergelen,293675
491,496,982 Jackson Plaza,,China,,Lieyu,364837
492,755,898 Ohio Avenue,,Poland,,Jednorożec,399161
493,616,94602 Burrows Street,,Brazil,,Flores da Cunha,516608
494,95,0453 Green Hill,,Colombia,,Madrid,216717
495,737,356 Gateway Court,,Italy,Sicilia,Catania,401119
496,297,2673 Riverside Plaza,,Poland,,Rzeczenica,411556
497,295,9526 Southridge Crossing,,United States,Florida,Lakeland,238439
498,377,18272 Prairieview Plaza,2 Mariners Cove Drive,Philippines,,Ondoy,348441
499,553,8189 Roth Plaza,,France,Bretagne,Vannes,213394
500,552,9 Fair Oaks Terrace,0 Oak Valley Hill,Czech Republic,,Staré Město,439426
501,287,809 Cambridge Street,21810 Comanche Plaza,Colombia,,San Andrés,309240
502,166,6 Annamark Center,02524 Hoard Court,Peru,,Ricardo Palma,246823
503,961,6531 Porter Point,2964 Doe Crossing Pass,China,,Yijing,193082
504,524,35688 Erie Hill,,Poland,,Siepraw,363403
505,546,87 Erie Drive,,Ireland,,Tralee,341444
506,121,7 Beilfuss Circle,,Ukraine,,Torkanivka,297471
507,378,66 Manitowish Hill,234 Sage Drive,Indonesia,,Tempel,186008
508,597,54 Grasskamp Point,76360 Briar Crest Avenue,Indonesia,,Caringin Lor,155055
509,880,1 Riverside Alley,3 Loeprich Street,China,,Taiyuan,525203
510,753,63 Lien Road,,Indonesia,,Krajan Gebangan,177850
511,197,331 Pearson Way,,Portugal,Leiria,Trabulheira,484527
512,324,0 Sugar Court,,United States,Nevada,Las Vegas,389362
513,209,4483 Katie Drive,61170 Mayfield Point,China,,Qianjia,430637
514,817,2 Corben Drive,7 Kim Place,Central African Republic,,Bouca,207952
515,855,60797 Dixon Terrace,49 Mandrake Center,Portugal,Lisboa,Carnaxide,106040
516,734,12 La Follette Circle,,Sweden,Stockholm,Sundbyberg,428219
517,136,03436 Bluejay Plaza,,China,,Yayao,169931
518,129,365 Mcguire Terrace,,Philippines,,Binitayan,207159
519,688,07 Del Sol Way,,Israel,,Deir Ḥannā,247533
520,121,95326 Amoth Junction,7 Crownhardt Court,Paraguay,,Colonia Catuete,560611
521,76,5 Raven Terrace,0 Spaight Park,Brazil,,Monteiro,489012
522,149,95 Dottie Center,,China,,Nanlü,433723
523,692,317 Northport Avenue,,France,Provence-Alpes-Côte d'Azur,Fos-sur-Mer,204815
524,646,9 Hovde Way,06062 Kropf Trail,Kazakhstan,,Lenger,413707
525,692,59 Blackbird Center,,Armenia,,Zhdanov,433403
526,181,85 Golf Center,928 Green Ridge Road,Lithuania,,Kudirkos Naumiestis,276575
527,714,5249 Stephen Parkway,1228 Rockefeller Trail,Japan,,Nakanojōmachi,257494
528,740,9736 Packers Point,,Poland,,Borowno,386105
529,92,10714 Merry Court,,Croatia,,Zdenci,505607
530,817,617 Red Cloud Point,93 Pierstorff Avenue,Iran,,Varāmīn,480022
531,132,42 Golf Course Lane,21 5th Point,Indonesia,,Kelungkung,515071
532,560,79 Marquette Circle,,Ukraine,,Zolotyy Potik,557688
533,313,92 Maywood Place,,China,,Chunhu,167930
534,800,77757 High Crossing Trail,,China,,Yunxi,470254
535,41,4080 Brentwood Crossing,,Chile,,Machalí,485108
536,948,3 Mayfield Junction,,China,,Xiaozhai,207553
537,608,7610 Clove Alley,,Portugal,Leiria,Passagem,463340
538,272,92435 Saint Paul Junction,,China,,Changle,518164
539,391,8739 Commercial Center,,Philippines,,Patong,555406
540,371,62248 Eggendart Street,,China,,Shangzhang,300898
541,99,4671 Iowa Court,,Nigeria,,Gumel,67329
542,971,88 Norway Maple Park,,Poland,,Borne Sulinowo,300742
543,201,5731 Charing Cross Center,15088 Lotheville Circle,China,,Xijiang,439751
544,857,0 Kings Avenue,6 Buhler Park,Poland,,Brochów,138457
545,257,24 Dawn Street,41688 Algoma Parkway,Czech Republic,,Plavy,505072
546,166,26 Homewood Hill,,Cyprus,,Dhali,547467
547,976,03 Sachs Circle,,Peru,,Tisco,480799
548,835,75676 Coleman Hill,,Ukraine,,Berestechko,440461
549,926,01 Pearson Lane,,Portugal,Viseu,Beselga,365958
550,336,7 Red Cloud Avenue,73390 Schiller Park,China,,Jianli,135739
551,109,24579 Westerfield Center,4 Lyons Crossing,Colombia,,Giraldo,529217
552,92,3749 Express Court,,China,,Shixiang,90802
553,147,254 Hazelcrest Park,,Argentina,,Pérez,348462
554,503,25 Morningstar Point,,Russia,,Radovitskiy,149045
555,927,53 Briar Crest Plaza,5497 Shoshone Parkway,Indonesia,,Cikeper,234298
556,98,4744 Waubesa Terrace,,Serbia,,Perlez,482536
557,488,40 Lotheville Street,751 Muir Center,Indonesia,,Leuwayang,260770
558,782,0770 Vera Court,,Russia,,Sakharovo,451650
559,216,5300 East Parkway,,China,,Lingbeizhou,105776
560,153,8 Manitowish Lane,,Philippines,,Pantijan No 2,408517
561,907,7316 Talisman Lane,5488 6th Plaza,Afghanistan,,Chahār Burj,497034
562,94,66 Scofield Crossing,4 Grayhawk Plaza,Canada,Manitoba,Beausejour,554044
563,753,4 American Court,3 Lukken Road,Tanzania,,Usa River,205551
564,123,40 Springs Center,,Indonesia,,Sumbergebang,125131
565,298,96408 Manley Point,,Mexico,Guerrero,El Aguacate,130124
566,679,825 Johnson Road,,Vietnam,,Đưc Trọng,566924
567,274,7124 Upham Point,,Nigeria,,Bode Sadu,417757
568,773,71 Miller Alley,89928 Armistice Parkway,China,,Mengdong,559553
569,338,00174 West Drive,,Russia,,Staraya Mayna,417230
570,910,998 Autumn Leaf Pass,,Japan,,Shiozawa,311594
571,862,2050 Sommers Crossing,,Palestinian Territory,,Wādī Raḩḩāl,425032
572,430,9895 Kensington Plaza,,Sweden,Örebro,Karlskoga,356140
573,203,53 Bellgrove Crossing,,China,,Yuanping,488183
574,98,03 Shopko Street,6 Eggendart Pass,Poland,,Twardawa,103051
575,657,5083 Killdeer Place,,Philippines,,Puro,420218
576,965,42 Rieder Park,,Bulgaria,,Akhtopol,80644
577,510,866 Arrowood Drive,,Indonesia,,Ciherang,518127
578,213,801 Twin Pines Road,,Tajikistan,,Chkalov,69882
579,926,3922 Duke Lane,,Indonesia,,Sungaipuntik,346831
580,988,06043 Division Point,,Peru,,Tambo,524180
581,658,346 Melody Junction,,Angola,,Catabola,386359
582,386,87 Pierstorff Crossing,,Russia,,Gorodishche,462032
583,57,09563 Eastlawn Pass,3257 Washington Avenue,Poland,,Rudka,72267
584,86,6449 Lerdahl Place,2745 Gale Lane,Brazil,,Manhumirim,358609
585,41,8 Hoepker Drive,,China,,Chang’an,225928
586,264,742 Meadow Vale Avenue,,Indonesia,,Jawatiwa,159401
587,846,17571 Anhalt Court,663 Dovetail Drive,Argentina,,Río Gallegos,428623
588,307,1 Leroy Hill,,Sweden,Stockholm,Skogås,437526
589,2,05646 Fisk Point,,Brazil,,Janaúba,464131
590,419,087 Blue Bill Park Parkway,,Sweden,Värmland,Torsby,545587
591,321,5181 Jenifer Road,654 Vernon Place,Mexico,Veracruz Llave,Dante Delgado,308783
592,24,2 Rigney Street,,China,,Zouma,278469
593,825,63675 South Pass,0369 Corscot Hill,Indonesia,,Kembangkerang Lauk Timur,224316
594,635,264 Holy Cross Place,6130 Sunfield Lane,Russia,,Mikhaylovka,520428
595,424,88530 Manufacturers Way,44 Cascade Hill,Russia,,Kudymkar,214903
596,195,6 Forster Parkway,,China,,Bailuquan,278441
597,658,3 Havey Drive,,Russia,,Kotovo,550090
598,117,051 Mosinee Plaza,758 Elmside Junction,Indonesia,,Krajan Alastengah,220040
599,305,7 Walton Parkway,,Indonesia,,Sopla,194404
600,287,71 Waywood Park,,Indonesia,,Armopa,463511
601,730,392 John Wall Terrace,,Greece,,Mikrókampos,324460
602,288,927 Rigney Point,,Colombia,,Cruces de Anorí,397916
603,458,321 Hagan Court,,Thailand,,Prakhon Chai,115182
604,973,44 Memorial Point,,Serbia,,Smederevo,106652
605,692,0684 Lakewood Drive,,Argentina,,La Playosa,233612
606,754,294 Dryden Trail,65394 Claremont Place,Brazil,,Tucano,270900
607,955,1 West Park,,Indonesia,,Singgit,560390
608,811,98 Meadow Ridge Park,,Nicaragua,,Granada,201524
609,961,14 Butterfield Junction,,Sweden,Värmland,Kristinehamn,70658
610,152,52 Bonner Center,,Russia,,Nevel’,194137
611,905,65894 Bowman Point,,China,,Xingang,488670
612,313,84237 Gina Pass,,Nigeria,,Kagoro,515163
613,714,4 Montana Circle,,Indonesia,,Kopang Satu,167048
614,732,5 Dayton Hill,,Poland,,Rudna Mała,503435
615,45,8 Bellgrove Hill,266 Talisman Parkway,Mauritius,,Laventure,128050
616,874,41 Hayes Park,,Israel,,Nazareth,546951
617,672,7401 Fair Oaks Point,4279 Weeping Birch Way,China,,Xiaoshan,230311
618,138,878 Ridgeway Point,,Georgia,,Rust’avi,542286
619,371,7 Nancy Street,,China,,Dongming,70162
620,984,6195 Briar Crest Junction,431 Autumn Leaf Center,China,,Yunluo,570023
621,251,89171 Cottonwood Place,8 Crest Line Terrace,South Korea,,Kimhae,116144
622,771,639 Independence Hill,,China,,Qiqin,191376
623,716,8966 Mesta Place,,United States,Illinois,Champaign,141383
624,75,17788 Tennessee Crossing,55 Shasta Trail,Indonesia,,Nangalimang,448961
625,398,9000 Graedel Plaza,,Brazil,,Caçador,542819
626,977,96702 Pearson Junction,,China,,Wengyang,331007
627,578,1 Blaine Center,36 Utah Circle,Thailand,,Si Racha,280720
628,455,1 Darwin Avenue,249 Fuller Drive,Philippines,,Unidad,67492
629,303,30648 Esker Court,469 Moose Junction,France,Île-de-France,Meaux,243846
630,200,428 Forest Parkway,,China,,Pu’an,385588
631,504,35247 Old Gate Point,854 Crowley Center,Kazakhstan,,Dzhetygara,371112
632,922,4904 Northridge Crossing,1663 Green Ridge Crossing,Russia,,Seymchan,107389
633,133,6045 Fairview Center,7 Fallview Point,China,,Jiangfeng,406436
634,246,554 Meadow Ridge Hill,,Dominican Republic,,La Julia,452155
635,62,8593 Bashford Alley,,Portugal,Porto,Arnelas,103133
636,838,910 Kennedy Circle,,Portugal,Lisboa,Mato Cheirinhos,72755
637,322,11 Calypso Place,,Indonesia,,Ngurensiti,70424
638,197,95475 Trailsway Road,,France,Île-de-France,Cergy-Pontoise,362056
639,757,7 Ramsey Point,,Czech Republic,,Dolní Bečva,128629
640,380,1 Dixon Avenue,21 Dwight Avenue,Russia,,Rayevskaya,545766
641,528,8736 Browning Center,,Russia,,Krasnogorskiy,373215
642,952,2128 Fair Oaks Alley,863 Westridge Terrace,South Africa,,Camperdown,504031
643,295,9326 Thierer Crossing,57626 Linden Place,Russia,,Uva,194939
644,518,9624 Sullivan Terrace,,Palestinian Territory,,Jayyūs,560504
645,382,230 Miller Plaza,5 Comanche Plaza,Ukraine,,Toshkivka,547985
646,907,2 Meadow Ridge Plaza,2 Norway Maple Court,China,,Shibi,358498
647,513,71562 Bashford Drive,893 Kipling Center,Mongolia,,Altanbulag,141726
648,908,9 Marquette Circle,45351 Glacier Hill Court,Yemen,,Rajūzah,202467
649,799,679 David Drive,4385 Donald Center,Japan,,Himi,450161
650,148,930 Kedzie Pass,169 Corry Park,Nigeria,,Ode,110559
651,380,8013 Milwaukee Drive,27 Heath Court,Indonesia,,Banjar Dauhpura,94337
652,462,7 Duke Lane,,Russia,,Saint Petersburg,337372
653,10,73 Fallview Court,,Hungary,Budapest,Budapest,530877
654,889,776 Sutherland Street,34 Lakewood Plaza,China,,Lile,426343
655,525,1755 Artisan Alley,,China,,Yangfeng,565130
656,7,4 Commercial Junction,,Iran,,Masjed Soleymān,349659
657,559,9123 International Road,,Philippines,,Taytayan,376128
658,660,01765 Granby Court,0 Bunker Hill Trail,Philippines,,Dampol,84018
659,94,85865 Forster Alley,,France,Bretagne,Plérin,409463
660,433,2997 Gerald Crossing,,Argentina,,Rosario de Lerma,409090
661,821,4088 Golf View Street,59 Stang Plaza,Sweden,Södermanland,Oxelösund,417246
662,45,54 Pleasure Point,,Serbia,,Stara Pazova,532814
663,965,3 Golf View Circle,,Belarus,,Mstsislaw,276005
664,958,481 Crownhardt Avenue,,Saint Lucia,,Bisée,445605
665,300,11975 Dahle Hill,,Bulgaria,,Rakitovo,203861
666,952,84621 International Center,878 Old Gate Park,Poland,,Siedleczka,67816
667,241,7502 Sugar Hill,,Gambia,,Bakadagy,192916
668,584,6 Mcguire Hill,,China,,Gaoling,458142
669,125,09 Meadow Valley Avenue,,Indonesia,,Boncong,519732
670,216,312 Green Ridge Trail,,Bangladesh,,Sherpur,73860
671,509,165 7th Place,,Indonesia,,Windusakti Hilir,285991
672,868,868 Valley Edge Street,,Guatemala,,Sacapulas,93381
673,352,4678 Canary Park,,China,,Taiyang,219630
674,670,25 Oakridge Pass,,Poland,,Hornówek,98096
675,188,7698 Mifflin Junction,,China,,Songfeng,151576
676,993,49 Service Park,31 Crownhardt Point,Peru,,Achoma,186729
677,107,1122 Walton Avenue,,Czech Republic,,Rajhrad,362967
678,143,86598 Fordem Circle,,China,,Laojiangjunjie,116617
679,213,25873 Waubesa Hill,,Yemen,,Al Matūn,500406
680,361,0 Schiller Crossing,14 Village Green Park,Philippines,,Monching,83735
681,525,71 Vidon Terrace,57 Parkside Street,Peru,,Chiara,137086
682,203,92 Lien Court,2075 Prentice Lane,China,,Liufu,298983
683,244,00019 Drewry Hill,,Palestinian Territory,,Jūrat ash Sham‘ah,389167
684,196,208 Grover Court,,China,,Xinhua,292728
685,51,4 Glacier Hill Plaza,,Greece,,Amfíkleia,301486
686,1,4155 Coleman Circle,,Guatemala,,San Lucas Sacatepéquez,255150
687,92,726 Loeprich Avenue,,Poland,,Nowogard,431858
688,552,918 Mayer Lane,,Brazil,,Juiz de Fora,146393
689,676,59059 Spaight Park,,China,,Guilin,481998
690,913,601 Vernon Parkway,,Brazil,,Novo Hamburgo,494164
691,666,659 Jana Alley,6 Butterfield Crossing,Central African Republic,,Bambari,180192
692,488,4 Sachs Place,9 Calypso Park,Peru,,Ticaco,560119
693,654,407 Oneill Center,,Poland,,Książki,421043
694,103,3185 Fulton Park,,Brazil,,Herval,442192
695,188,883 Carpenter Junction,,Portugal,Porto,Jovim,231527
696,155,32286 Butternut Lane,74790 Stephen Parkway,China,,Shangping,442610
697,570,6852 Crownhardt Junction,,Indonesia,,Sadananya,225650
698,891,84494 Roxbury Plaza,,Sweden,Skåne,Kristianstad,344630
699,12,6 Memorial Center,,United States,California,Los Angeles,242478
700,111,938 Butternut Alley,72 Petterle Center,Vietnam,,Lũng Hồ,447490
701,753,5179 High Crossing Parkway,,China,,Gongchang Zhen,476935
702,824,74 Talisman Terrace,487 Grayhawk Point,Indonesia,,Ratilangi,110021
703,734,8 Kedzie Point,,Indonesia,,Pamoyanan,76253
704,157,9 Iowa Crossing,7287 Dottie Alley,Philippines,,Solana,234309
705,553,67603 Melby Alley,4 Barby Trail,Ukraine,,Tukhlya,540109
706,505,2315 Grim Hill,,Philippines,,Lomboy,226469
707,582,226 Del Mar Drive,,China,,Huidong,319523
708,308,0582 Gerald Court,,Chile,,Arauco,498064
709,5,3437 Pankratz Crossing,,Philippines,,Culianin,432222
710,918,97559 Southridge Place,,Liechtenstein,,Triesenberg,394100
711,988,1315 Westridge Center,,China,,Jiaoziya,439522
712,229,68460 Thackeray Road,18 Summer Ridge Junction,China,,Sandu,147661
713,732,170 Arrowood Pass,,Poland,,Górki,427164
714,367,26 Sunnyside Parkway,81 Gina Crossing,Mexico,Veracruz Llave,Vista Hermosa,460484
715,879,7504 Southridge Junction,,North Korea,,Chŏngju,400654
716,82,7 Westend Point,4 Tennessee Lane,Mexico,Veracruz Llave,Santa Rosa,93091
717,221,374 Dryden Alley,,Japan,,Utsunomiya-shi,106416
718,728,66518 Westend Point,665 Paget Way,Nigeria,,Wuyo,88571
719,625,6884 Hayes Circle,,Indonesia,,Pakembangan,333726
720,883,32172 Northwestern Street,,France,Île-de-France,Claye-Souilly,489703
721,775,9616 Lakeland Plaza,,Portugal,Vila Real,Parada de Pinhão,88913
722,244,5504 Aberg Plaza,,United Kingdom,England,London,548393
723,429,363 Northridge Parkway,,Tanzania,,Puma,554034
724,985,89 Lawn Place,,South Africa,,Cala,332773
725,546,68 Westport Point,,Russia,,Russkiy,127882
726,296,7 Monica Alley,,Uganda,,Moroto,543644
727,755,6066 Holy Cross Avenue,,Poland,,Stare Miasto,518555
728,441,7120 New Castle Trail,,Nigeria,,Lafiagi,315124
729,710,972 Beilfuss Trail,1773 Saint Paul Lane,French Guiana,Guyane,Kourou,395363
730,141,15267 Emmet Lane,,United States,North Carolina,Durham,230798
731,51,63 Mendota Parkway,,Russia,,Urengoy,416287
732,537,4 Vernon Alley,,Greece,,Langádhia,187144
733,170,8161 Scott Alley,,China,,Zhushan,566497
734,547,75 Sachtjen Center,,China,,Hor,307183
735,404,63 Forster Parkway,6820 Pine View Alley,China,,Weiqi,533127
736,451,546 Mcbride Circle,98 Vahlen Terrace,Bolivia,,Riberalta,331752
737,145,11 Trailsway Circle,,Slovenia,,Mokronog,126222
738,297,1688 Lakewood Gardens Lane,199 Schiller Road,China,,Hayan Hudong,147739
739,299,42 Anhalt Place,,Brazil,,Nepomuceno,264909
740,56,8 Westerfield Lane,,China,,Shuangqiao,374422
741,241,82619 Homewood Court,,China,,Yuwan,498020
742,560,50583 Cherokee Junction,,Azerbaijan,,Hacıqabul,430280
743,552,706 Everett Terrace,,Russia,,Suzdal’,541029
744,286,337 Arizona Center,407 Towne Junction,Poland,,Radzanów,353988
745,258,8 Nova Alley,,Poland,,Stryszów,562919
746,45,5395 Prairie Rose Place,826 Homewood Circle,China,,Wendengying,528758
747,549,856 Scott Alley,,Vietnam,,Lộc Bình,405635
748,67,3833 Vermont Circle,,China,,Taipingxu,281586
749,685,2116 Erie Way,,Russia,,Ulluaya,157660
750,20,0 Manley Road,,Panama,,Las Lomas,281122
751,496,41763 Tennessee Street,,Armenia,,Armash,363987
752,940,7 Eastwood Place,,Indonesia,,Penisihan,143542
753,997,16 Fair Oaks Crossing,,France,Île-de-France,Vincennes,309412
754,944,20373 Cambridge Hill,,Benin,,Abomey-Calavi,302928
755,57,509 Jay Park,,Portugal,Leiria,Picoto,341573
756,786,40 Eagle Crest Circle,,Philippines,,Cabuyao,341923
757,690,718 Banding Trail,,Nigeria,,Buni Yadi,418647
758,565,068 Buhler Way,16352 Acker Crossing,China,,Yushu,541791
759,749,1655 High Crossing Center,,Sweden,Norrbotten,Boden,103045
760,760,14 Pond Parkway,,United States,Washington,Vancouver,340321
761,744,429 International Circle,99 Barby Circle,Philippines,,Nagiba,448078
762,226,42274 Dahle Road,,Tunisia,,Majāz al Bāb,537310
763,415,8 Randy Center,,China,,Yeniugou,257723
764,917,97 Kropf Center,,China,,Jingling,204673
765,724,69 Oxford Plaza,8 Buena Vista Hill,China,,Wukou,232566
766,94,4 Loeprich Lane,,Argentina,,San Antonio,530375
767,621,9236 Carey Junction,,Russia,,Vychegodskiy,344130
768,84,23 Merry Crossing,,Indonesia,,Kendalngupuk,314010
769,708,6 Linden Parkway,,Honduras,,San Juan de Planes,110372
770,502,257 Maryland Hill,,Indonesia,,Sumberarumkrajan,247231
771,582,52 Mandrake Point,,France,Centre,Montargis,240474
772,230,958 Comanche Road,,United Kingdom,England,Norton,449965
773,447,0443 Daystar Crossing,,China,,Liuqiao,164108
774,107,6889 Jenna Trail,,Thailand,,Kranuan,406695
775,59,66943 Macpherson Point,,Indonesia,,Kresek,287517
776,416,16669 Lien Avenue,,Indonesia,,Radamata,566900
777,62,527 Anderson Alley,,Sweden,Dalarna,Rättvik,405475
778,564,41 Westridge Avenue,,Russia,,Gamovo,462085
779,286,85 Valley Edge Road,91803 Porter Road,Indonesia,,Huineno,158081
780,131,33 Pankratz Point,7 Schlimgen Avenue,Albania,,Tirana,251846
781,141,40 Reinke Avenue,9672 Hoepker Terrace,Brazil,,Peruíbe,158792
782,993,74629 Hauk Street,065 Warbler Hill,Indonesia,,Pandan,433777
783,124,3019 Jay Street,,Russia,,Talitsy,251775
784,446,1001 Esch Crossing,,Indonesia,,Kuala Bhee,228872
785,66,3799 Gina Circle,22 Bay Court,Canada,Québec,Rimouski,109993
786,265,6379 Crest Line Way,,Indonesia,,Halimaung Jaya (F-3),82529
787,668,8 Talisman Terrace,,Serbia,,Obrenovac,249884
788,33,6 Lakeland Park,,Colombia,,Quípama,436846
789,179,1649 Morning Point,,China,,Caikouji,508509
790,906,0439 Vermont Lane,,Greece,,Avlónas,143330
791,553,8476 Dorton Alley,,China,,Jiubao,187424
792,484,115 Manufacturers Trail,3 Logan Parkway,Madagascar,,Farafangana,489527
793,418,6517 Arrowood Trail,,Sweden,Västra Götaland,Mölndal,320414
794,9,07 Nevada Avenue,9362 Haas Street,Brazil,,Padre Paraíso,442122
795,975,3396 Banding Drive,,Indonesia,,Gesing,250491
796,639,4974 Stoughton Crossing,,Sweden,Örebro,Örebro,249091
797,628,7243 Badeau Avenue,,Brazil,,Salinópolis,160011
798,882,67846 Basil Point,,Peru,,Chalaco,396732
799,220,4961 East Street,78460 Basil Junction,Sudan,,Karmah an Nuzul,456458
800,562,9 6th Alley,,Spain,Cantabria,Santander,77978
801,353,0601 Manley Center,,Spain,Asturias,Gijon,530029
802,635,045 Haas Point,1 Homewood Point,Palestinian Territory,,Banī Zayd,166888
803,47,52256 Lunder Place,,Philippines,,Tamnag,115617
804,303,948 Loeprich Crossing,,Japan,,Takamatsu-shi,158930
805,24,837 Fallview Road,,Vietnam,,Bác Ái,294267
806,589,21782 Novick Parkway,,Canada,British Columbia,Chilliwack,515695
807,447,7738 Mariners Cove Park,,Brazil,,Formosa do Rio Preto,564688
808,714,840 Kropf Point,,Indonesia,,Margasari,282223
809,597,744 Karstens Trail,,China,,Yonglong,257199
810,53,66363 Superior Center,,Saudi Arabia,,Al Muţayrifī,397935
811,602,101 Lillian Plaza,,Uganda,,Iganga,112826
812,262,2573 New Castle Road,,Uruguay,,Fray Bentos,160514
813,699,9 Forest Run Terrace,,Russia,,Shelopugino,493118
814,401,00148 Main Alley,95058 Bluejay Plaza,Colombia,,Campoalegre,518997
815,75,607 Buell Court,88005 Little Fleur Pass,Chile,,Chile Chico,495510
816,238,773 Florence Center,,Vietnam,,Mỏ Cày,499018
817,828,6 Utah Pass,,China,,Guanjiabao,467876
818,334,15342 Columbus Trail,,Thailand,,Chian Yai,281884
819,261,690 Ludington Parkway,15 Green Ridge Center,Brazil,,Salgado,334431
820,54,24 Summer Ridge Road,,Peru,,Asquipata,134930
821,776,01482 Grim Lane,,Bulgaria,,Dve Mogili,355375
822,572,05 Aberg Court,,Iran,,Dārān,178819
823,230,8 Brown Avenue,,Nigeria,,Sauri,410340
824,746,87 Aberg Parkway,,Russia,,Bykov,214187
825,482,7 Ohio Circle,73 Mayer Lane,China,,Jianping,356975
826,444,99 Rockefeller Alley,0 Hagan Lane,Ukraine,,Uzyn,168568
827,235,7533 Hovde Street,87 Texas Hill,Bangladesh,,Lākshām,248328
828,344,3176 Debs Point,,Sri Lanka,,Ja Ela,214932
829,833,60 Goodland Crossing,,Yemen,,Ad Dimnah,381484
830,596,9501 Bunting Plaza,,Poland,,Pruchnik,181163
831,20,799 Aberg Park,2 8th Road,China,,Nanyang,274575
832,162,1559 Mcbride Terrace,8 Division Drive,Slovenia,,Mežica,476458
833,825,96256 Warrior Junction,,Indonesia,,Jombang,521150
834,980,5723 Holmberg Street,,Indonesia,,Rancabungur,216744
835,371,3 Marquette Hill,601 Stang Place,China,,Pingfeng,295126
836,948,46096 Manitowish Crossing,,Indonesia,,Cimanggu,216931
837,222,91030 Old Shore Trail,,Indonesia,,Bojongaren,142566
838,284,2969 Straubel Street,74735 Doe Crossing Junction,France,Île-de-France,Paris 05,486093
839,588,97 Talisman Plaza,,Thailand,,Samut Prakan,147992
840,194,926 Bashford Road,,Poland,,Narew,408563
841,32,5050 Dryden Way,10133 Maywood Circle,Russia,,Staromyshastovskaya,430032
842,155,5993 Sachs Parkway,,Indonesia,,Jayapura,468274
843,535,7 Maple Wood Court,00561 Scoville Way,Ukraine,,Klishkivtsi,350512
844,703,5 Muir Plaza,,Philippines,,Alua,447688
845,223,498 Valley Edge Place,46 Arizona Alley,China,,Ewirgol,413016
846,613,604 Roxbury Crossing,,Nigeria,,Bama,530289
847,166,2987 Wayridge Junction,2197 Manley Street,Czech Republic,,Zlonice,245746
848,342,974 Eagle Crest Place,102 Washington Terrace,Vietnam,,Hưng Yên,519607
849,551,0580 Oriole Drive,,Russia,,Kolobovo,431044
850,475,8956 East Terrace,,Indonesia,,Wirodayan,316742
851,690,9002 Eggendart Center,,Iran,,Kaleybar,140769
852,349,7 Becker Lane,1402 Algoma Street,China,,Huochezhan,287622
853,406,67905 Jana Drive,,Portugal,Porto,Aldeia,396525
854,161,553 Spohn Lane,,Sweden,Stockholm,Stockholm,82467
855,5,0 Old Shore Point,,China,,Datun,426909
856,282,91 Aberg Center,,Philippines,,Pangascasan,182118
857,586,17523 Macpherson Drive,,Indonesia,,Cimarelang,103053
858,439,29401 Dryden Crossing,3 Heffernan Street,Indonesia,,Kaduseeng,487961
859,918,59 Maryland Crossing,,Portugal,Lisboa,Bicesse,437941
860,545,642 Corry Hill,,Antigua and Barbuda,,Piggotts,141007
861,656,7697 Donald Terrace,,Ukraine,,Balakliya,487869
862,489,49433 Waywood Point,,Indonesia,,Paya Dapur,397172
863,422,0 Fieldstone Plaza,,China,,Akebielidou,456108
864,173,0610 Sachtjen Trail,84483 American Crossing,China,,Luoshanchuan,171072
865,437,9 Sage Circle,,Czech Republic,,Vidče,339587
866,8,53 Coolidge Alley,,France,Île-de-France,Neuilly-sur-Seine,207920
867,945,0008 Charing Cross Circle,373 Graedel Place,Indonesia,,Batusangkar,166746
868,181,677 Westerfield Alley,,Mexico,Sonora,Libertad,115140
869,126,03 Cottonwood Plaza,,China,,Ganjiachang,210745
870,496,8 Burning Wood Way,,Thailand,,Pho Thong,274467
871,676,02 Elka Hill,,Thailand,,Nam Khun,255649
872,699,77 Redwing Pass,3281 Stoughton Court,Indonesia,,Ngeru,563018
873,835,9 New Castle Alley,9381 Blackbird Plaza,Albania,,Fushëkuqe,272054
874,256,306 Arrowood Trail,,Indonesia,,Werasari,375379
875,293,06112 Dapin Pass,,Poland,,Pruchnik,180347
876,641,185 Merchant Alley,,Pakistan,,Shāhpur Chākar,292737
877,87,99080 Village Green Place,,China,,Yulin,389964
878,68,7 Sundown Parkway,,Egypt,,Tanda,514694
879,449,675 Hazelcrest Plaza,,Philippines,,Los Arcos,158986
880,320,7 Gina Junction,395 West Street,Philippines,,Bautista,400785
881,853,2971 Karstens Trail,,Finland,,Sulkava,158427
882,427,29 Sauthoff Crossing,,China,,Xiaoya,105215
883,958,28338 Village Alley,,Serbia,,Radenković,364691
884,470,01099 Susan Place,425 Evergreen Way,Slovenia,,Hrib-Loški Potok,141905
885,229,88949 Sunnyside Place,09083 Heffernan Court,Indonesia,,Bunirasa,416399
886,153,91743 Riverside Terrace,,Sri Lanka,,Welisara,459849
887,43,4 Rowland Point,,Honduras,,Salamá,494390
888,427,0 Banding Hill,2 Independence Road,Canada,Ontario,Bells Corners,72391
889,690,752 Hooker Court,,Mexico,Morelos,Morelos,370522
890,607,6 Victoria Circle,,China,,Baishan,90160
891,357,8538 Esch Circle,82933 Rowland Center,Burkina Faso,,Boulsa,155860
892,914,3684 Huxley Plaza,,China,,Liuzhi,442557
893,618,072 Trailsway Parkway,92 Saint Paul Pass,Poland,,Rybczewice,430891
894,853,0068 Swallow Crossing,,China,,Xinpeicun,184457
895,321,7793 Farwell Place,7 Merchant Pass,Japan,,Iida,493689
896,340,4665 Warbler Circle,5113 Becker Point,Indonesia,,Banjar Tegal Belodan,191252
897,948,92 Monument Road,9 Mccormick Drive,Iraq,,An Nāşirīyah,121064
898,886,133 Little Fleur Circle,,China,,Fangxian,466344
899,189,3 Morrow Trail,,Albania,,Fier,122567
900,373,3 Armistice Terrace,,Germany,Berlin,Berlin,407082
901,427,9 Park Meadow Pass,,Suriname,,Brokopondo,274650
902,443,030 Service Pass,61 Jenifer Circle,Indonesia,,Tertek,536276
903,742,32099 Center Court,,Sweden,Gävleborg,Gävle,364250
904,193,8 Transport Crossing,120 Coolidge Court,Sweden,Skåne,Osby,512697
905,467,8 Lakewood Gardens Hill,,Philippines,,Balangonan,104892
906,271,18 Waywood Pass,32441 Logan Crossing,Ukraine,,Verkhniy Rohachyk,225475
907,884,760 Boyd Way,,United States,Colorado,Greeley,162666
908,910,89 Hermina Pass,,China,,Tongle,472334
909,566,5371 Lillian Hill,,China,,Hoxtolgay,347982
910,248,24 Chinook Center,,Mexico,Tamaulipas,Francisco I Madero,491107
911,720,4496 Utah Way,,Georgia,,Kobuleti,427152
912,615,8 Hintze Court,9 Delladonna Crossing,Sweden,Skåne,Kristianstad,186493
913,272,38 Eliot Street,55220 Ridge Oak Park,Guatemala,,Zaragoza,152323
914,141,0 Manufacturers Terrace,,Palestinian Territory,,Qaryūt,162549
915,611,8665 Elka Center,,Vietnam,,Ngã Bảy,523194
916,859,80478 Stuart Way,70426 Longview Court,China,,Huangcun,109042
917,779,70874 Fairview Crossing,7630 Moulton Avenue,France,Basse-Normandie,Flers,222256
918,966,4 Colorado Park,6 Ruskin Trail,China,,Heshan,338732
919,269,91 Rusk Lane,,Norway,Rogaland,Stavanger,298953
920,458,65915 American Ash Center,,Kazakhstan,,Energeticheskiy,510141
921,291,21853 Summit Point,,Afghanistan,,Kafir Qala,275381
922,528,560 Artisan Avenue,,Peru,,Mache,512429
923,501,0759 Johnson Hill,,Russia,,Molochnoye,164275
924,349,284 Hoffman Road,,Iran,,Varāmīn,387410
925,639,2 Arkansas Parkway,,Ukraine,,Manevychi,497042
926,898,8 Vera Crossing,,Indonesia,,Tegalsari,135983
927,336,618 Maryland Plaza,,Portugal,Setúbal,Almada,71702
928,733,5 East Drive,,Indonesia,,Paritjunus,189001
929,83,04772 Grayhawk Pass,,Indonesia,,Fukadale,287064
930,848,3955 Monterey Hill,,Mexico,Jalisco,Buenos Aires,519364
931,238,575 Nevada Way,,France,Nord-Pas-de-Calais,Boulogne-sur-Mer,383488
932,411,7039 Blaine Alley,791 Moulton Junction,Armenia,,Shnogh,74309
933,7,9640 Dexter Junction,971 Sachs Parkway,Kuwait,,Al Funayţīs,501345
934,863,6126 Lawn Crossing,30227 Bowman Road,United States,Tennessee,Nashville,272330
935,831,290 Elgar Court,144 Farragut Trail,Comoros,,Madjeouéni,207389
936,406,04906 John Wall Way,3345 Hoffman Center,China,,Chengxi,343280
937,85,1894 Eggendart Way,67810 American Park,Thailand,,Phan Thong,279985
938,265,780 Westerfield Terrace,,Portugal,Évora,Monte da Chaminé,535458
939,646,0159 Carpenter Road,,Finland,,Sodankylä,482163
940,905,411 Anniversary Pass,,Portugal,Porto,Cortinhas,466587
941,893,22 Nobel Pass,,Guinea,,Nzérékoré,174716
942,625,67 Helena Way,,Japan,,Kogota,130935
943,722,7810 Milwaukee Park,31193 Warrior Road,South Africa,,Mount Frere,263277
944,122,3367 Jana Road,,Portugal,Porto,Eiriz,275257
945,607,3304 Dennis Junction,,Poland,,Krzeczów,159017
946,559,23611 Bowman Circle,,Indonesia,,Kotingnatagete,451377
947,921,4689 Namekagon Plaza,,China,,Humen,566681
948,615,8678 Sycamore Road,,Czech Republic,,Všetaty,526908
949,689,320 Cascade Drive,,Russia,,Dubki,78478
950,360,1 Eastlawn Crossing,,Indonesia,,Kadupinang,479945
951,959,3 Leroy Junction,5029 Leroy Trail,China,,Lishan,318554
952,707,12942 Drewry Way,678 Bunker Hill Crossing,China,,Songgai,268828
953,263,371 Lerdahl Point,,Dominican Republic,,Moca,368639
954,425,7623 Bowman Plaza,,South Africa,,Mossel Bay,162663
955,771,08 Tennessee Pass,5856 Paget Junction,China,,Hexi,339764
956,245,17 Mcbride Park,,Portugal,Leiria,Casalinho,448911
957,430,6369 Menomonie Avenue,,Netherlands,Provincie Noord-Holland,Alkmaar,454716
958,750,6 Algoma Parkway,80480 Sutherland Avenue,Indonesia,,Cikondang,118418
959,59,7 Hudson Junction,,Burkina Faso,,Kaya,440491
960,134,86054 Granby Hill,,Mexico,Chihuahua,Obrera,347313
961,432,5 Twin Pines Crossing,,Brazil,,Pedro Leopoldo,399330
962,794,768 Blackbird Park,,United States,California,Fresno,409283
963,177,655 Northwestern Center,,Colombia,,Cali,205035
964,224,07602 Roxbury Street,,Argentina,,Tilcara,203426
965,195,2 Rigney Lane,9 Union Drive,China,,Xinyang,347306
966,663,4 Petterle Place,,China,,Mingyihe,285843
967,217,86 Graceland Street,,China,,Jifeng,150398
968,945,12722 Leroy Circle,,France,Limousin,Brive-la-Gaillarde,414004
969,857,8 Red Cloud Street,159 Eagle Crest Junction,Argentina,,Comandante Luis Piedra Buena,93526
970,648,70 Tennessee Street,,Philippines,,Gang,131228
971,38,8 Fordem Plaza,,France,Nord-Pas-de-Calais,Saint-Laurent-Blangy,408694
972,785,8 David Center,,Mauritius,,Nouvelle France,244081
973,401,0211 Dahle Pass,,Chad,,Bardaï,249784
974,36,191 Rigney Road,,Venezuela,,San José de Barlovento,344914
975,863,306 Thackeray Road,,Finland,,Siikajoki,369082
976,395,8385 Annamark Street,,Colombia,,Ciénaga de Oro,237782
977,592,4 Starling Crossing,80 Paget Alley,Russia,,Krasnyy Oktyabr’,311513
978,42,11 Birchwood Avenue,7 Laurel Pass,Indonesia,,Kudang,478935
979,489,44544 Graedel Center,,Iran,,Tāybād,349308
980,979,42 Anderson Alley,,Indonesia,,Kaliprak,352042
981,543,00420 Lunder Junction,,Mongolia,,Nuga,436757
982,669,78837 Carberry Plaza,,Brazil,,Caxias do Sul,317773
983,199,70 Utah Circle,,Portugal,Viseu,Nagoselo do Douro,97523
984,413,37 Glacier Hill Park,,China,,Dongjiao,222360
985,899,064 Holy Cross Trail,,Portugal,Leiria,Memória,550386
986,318,90 Twin Pines Street,1937 Surrey Avenue,Guatemala,,San José Acatempa,210451
987,659,62295 Eagle Crest Hill,,United States,Alabama,Anniston,402676
988,914,4196 Sutherland Crossing,,China,,Xinhuang,167399
989,381,44661 Milwaukee Crossing,,Sri Lanka,,Kilinochchi,286410
990,813,6709 Texas Parkway,,United States,Texas,Waco,505311
991,614,21 Ludington Place,,China,,Daxing,136450
992,992,7356 Garrison Alley,06 Mendota Crossing,Indonesia,,Wolowiro,346048
993,193,6170 Becker Lane,97458 Paget Trail,France,Île-de-France,Moret-sur-Loing,233564
994,371,420 Montana Trail,,Indonesia,,Bilo,157122
995,548,53 Springs Avenue,,Russia,,Novotroitsk,541745
996,704,80532 Kim Street,56 Spaight Parkway,China,,Qiulu,372468
997,476,54 Center Road,,Iran,,Dogonbadan,538781
998,248,29 Weeping Birch Lane,251 Clove Avenue,Poland,,Glinojeck,422564
999,485,025 Melrose Parkway,,Kazakhstan,,Akzhal,128248
1000,934,674 Forster Plaza,8903 West Plaza,Philippines,,Baliuag,390270